column,data_type,missing_values,unique_values,missing_percentage
customer_id,int64,0,3900,0.0
age,int64,0,53,0.0
gender,str,0,2,0.0
item_purchased,str,0,25,0.0
category,str,0,4,0.0
purchase_amount_usd,int64,0,81,0.0
location,str,0,50,0.0
size,str,0,4,0.0
color,str,0,25,0.0
season,str,0,4,0.0
review_rating,float64,0,26,0.0
subscription_status,str,0,2,0.0
shipping_type,str,0,6,0.0
discount_applied,str,0,2,0.0
promo_code_used,str,0,2,0.0
previous_purchases,int64,0,50,0.0
payment_method,str,0,6,0.0
frequency_of_purchases,str,0,7,0.0
discount_applied_binary,int64,0,2,0.0
promo_code_used_binary,int64,0,2,0.0
subscription_status_binary,int64,0,2,0.0
subscriber_binary,int64,0,2,0.0
age_group,category,0,5,0.0
spending_band,category,0,3,0.0
purchase_history_band,category,0,4,0.0
customer_value_score,float64,0,550,0.0
retention_risk_proxy,str,0,3,0.0
retention_risk_score,int64,0,4,0.0
