location,customers,revenue,average_purchase,average_rating,average_previous_purchases
Montana,96,5784,60.25,3.8177083333333335,25.270833333333332
Illinois,92,5617,61.05434782608695,3.635869565217391,26.597826086956523
California,95,5605,59.0,3.834736842105263,24.49473684210526
Idaho,93,5587,60.075268817204304,3.79247311827957,24.204301075268816
Nevada,87,5514,63.37931034482759,3.718390804597701,26.03448275862069
Alabama,89,5261,59.1123595505618,3.7820224719101128,27.44943820224719
New York,87,5257,60.42528735632184,3.7586206896551726,24.24137931034483
North Dakota,83,5220,62.89156626506024,3.753012048192771,23.771084337349397
West Virginia,81,5174,63.876543209876544,3.5864197530864197,23.555555555555557
Nebraska,87,5172,59.44827586206897,3.728735632183908,24.75862068965517
New Mexico,81,5014,61.901234567901234,3.7320987654320987,26.037037037037038
Minnesota,88,4977,56.55681818181818,3.753409090909091,26.21590909090909
Pennsylvania,74,4926,66.56756756756756,3.7797297297297296,27.41891891891892
Mississippi,80,4883,61.0375,3.75625,26.0125
Alaska,72,4867,67.59722222222223,3.802777777777778,28.09722222222222
Vermont,85,4860,57.1764705882353,3.7141176470588233,24.6
Louisiana,84,4848,57.714285714285715,3.7785714285714285,23.44047619047619
Virginia,77,4842,62.883116883116884,3.7194805194805194,23.506493506493506
Arkansas,79,4828,61.11392405063291,3.7101265822784812,27.063291139240505
Maryland,86,4795,55.75581395348837,3.8069767441860463,26.53488372093023
Tennessee,77,4772,61.97402597402598,3.7818181818181817,25.961038961038962
Delaware,86,4758,55.325581395348834,3.7976744186046516,24.627906976744185
North Carolina,78,4742,60.794871794871796,3.8141025641025643,24.76923076923077
Texas,77,4712,61.1948051948052,3.8948051948051945,21.48051948051948
Missouri,81,4691,57.91358024691358,3.7679012345679013,28.14814814814815
Indiana,79,4655,58.924050632911396,3.8063291139240505,25.82278481012658
Ohio,77,4649,60.37662337662338,3.809090909090909,25.142857142857142
Georgia,79,4645,58.79746835443038,3.6240506329113926,25.075949367088608
Washington,73,4623,63.32876712328767,3.806849315068493,24.698630136986303
Michigan,73,4533,62.0958904109589,3.827397260273972,26.945205479452056
Utah,71,4443,62.57746478873239,3.6802816901408453,27.169014084507044
South Carolina,76,4439,58.4078947368421,3.763157894736842,26.0
Kentucky,79,4402,55.721518987341774,3.7367088607594936,26.417721518987342
Maine,77,4388,56.98701298701299,3.841558441558442,22.649350649350648
Massachusetts,72,4384,60.888888888888886,3.716666666666667,23.01388888888889
Oklahoma,75,4376,58.346666666666664,3.590666666666667,22.973333333333333
Arizona,65,4326,66.55384615384615,3.693846153846154,28.369230769230768
Wyoming,71,4309,60.690140845070424,3.6943661971830988,28.239436619718308
Oregon,74,4243,57.33783783783784,3.754054054054054,25.513513513513512
South Dakota,70,4236,60.51428571428571,3.6771428571428566,24.6
Connecticut,78,4226,54.17948717948718,3.6948717948717946,24.0
Colorado,75,4222,56.29333333333334,3.7266666666666666,23.973333333333333
New Hampshire,71,4219,59.42253521126761,3.614084507042254,27.098591549295776
Iowa,69,4201,60.88405797101449,3.8318840579710143,27.608695652173914
Wisconsin,75,4196,55.946666666666665,3.8933333333333335,22.96
Rhode Island,63,3871,61.44444444444444,3.750793650793651,23.571428571428573
New Jersey,67,3802,56.74626865671642,3.7671641791044777,23.761194029850746
Florida,68,3798,55.85294117647059,3.6808823529411767,26.13235294117647
Hawaii,65,3752,57.723076923076924,3.6753846153846155,29.16923076923077
Kansas,63,3437,54.55555555555556,3.803174603174603,23.38095238095238
